Number of Clusters,DB Index
2,0.5728313082343853
3,0.6006918381606979
4,0.60302862092278
5,0.5772203449727893
6,0.6118196929558593
7,0.6577555718623502
8,0.54488602663835
9,0.617661067687435
10,0.6326123911879158
